{
  "UniqueName": "FredsTH34",
  "Version": "1.3.1",
  "RequiredApiVersion": "0.12.0",
  "EntryPointAssembly": "TH34.dll",
  "LoadPhase": "AfterDbInit",
    "Dependencies": [
        {
            "UniqueName": "Shockah.Kokoro",
            "Version": "1.12.1"
        },
        {
          "UniqueName": "TheJazMaster.MoreDifficulties",
          "Version": "1.6.3",
          "IsRequired": false
        }
      ],
      "UpdateChecks": {
        "NexusMods": {
            "ID": 42
        }
    }
}